Stock#,Year,Make,Model,Trim,N/U/T,Status,Age,Ext. Color,Vin,Miles,Location,DMS Status,Price
SLB40946,2025,FORD,BRONCO,BADLANDS 4DR 4X4,N,Available,13,ERUPTION GREEN ,1FMEE9BP8SLB40946,5, ,T,64565
SLB40002,2025,FORD,BRONCO,BIG BEND 4DR 4X4,N,Available,24,AZURE GRAY METALLIC,1FMDE7BH6SLB40002,5, ,S,47170
811FU1J,2025,FORD,EXPEDITION,ACTIVE 4DR 4X4,N,Available,,DARK MATTER GRE,1FMJU1J83SEA76087,, ,O,72970
A804W1R,2025,FORD,F-150,RAPTOR 4X4 SUPERCREW CAB 5.5 FT. BOX 145 IN. WB,N,Available,24,CARBONIZED GRAY,1FTFW1RG2SFC51827,, ,O,83320
811JK8H,2026,FORD,EXPLORER,PLATINUM 4DR 4X4,N,Available,,STAR WHITE MET ,1FMUK8HH9TGA23319,, ,O,59910
SFC19633,2025,FORD,F-150, ,N,Available,1,ICONIC SILVER M,1FTFW5L84SFC19633,5, ,S,73190
SKF54293,2025,FORD,F-150,STX 4X4 SUPERCREW CAB 5.5 FT. BOX 145 IN. WB,N,Available,10,AGATE BLACK MET,1FTEW2LP3SKF54293,5, ,T,50425
715HU9N,2026,FORD,ESCAPE,ST-LINE SELECT 4DR ALL-WHEEL DRIVE,N,Available,4,CARBONIZED GRAY,1FMCU9NA4TUA03743,, ,O,37550
N029W3L,2025,FORD,F-150,XLT 4X4 SUPERCREW CAB 5.5 FT. BOX 145 IN. WB,N,Available,,OXFORD WHITE,1FTEW3LP8SFC57776,, ,P,57565
SKE48109,2025,FORD,F-150, ,N,Available,67,SILVER METALLIC,1FTFW3L89SKE48109,136, ,S,62785
SGC66881A,2020,LEXUS,RX 350,BASE (A8) 4DR ALL-WHEEL DRIVE,U,Available,45,NIGHTFALL MICA,2T2HZMDA8LC217630,46694, ,S,34945
SRB54787A,2017,FORD,F-150, ,U,Available,6, ,1FTEW1EGXHKD58111,91099, ,S,0
811AP8T,2026,FORD,MUSTANG, ,N,Available,,SHADOW BLACK,1FA6P8THXT5104935,, ,O,45775
TGA12457,2026,FORD,EXPLORER,TREMOR 4DR 4X4,N,Available,13,AGATE BLACK MET,1FMUK8JH7TGA12457,5, ,T,51665
N019K8J,2026,FORD,EXPLORER,TREMOR 4DR 4X4,N,Available,,MARSH GRAY,1FMWK8JC2TGA46240,, ,O,63250
SKF26511A,2017,FORD,MUSTANG,GT PREMIUM 2DR FASTBACK,U,Working,11,MAGNETIC,1FA6P8CF7H5330372,62401, ,S,29997
FA1312,2024,NISSAN,FRONTIER,SV (A9) 4X4 CREW CAB 5 FT. BOX 126 IN. WB,U,Available,68,GLACIER WHITE,1N6ED1EK2RN628746,25841, ,S,31430
811DU1R,2025,FORD,EXPEDITION,TREMOR 4DR 4X4,N,Available,,AGATE BLACK MET,1FMJU1RG3SEA77381,, ,O,84785
N025W5L,2025,FORD,F-150, ,N,Available,24,STAR WHITE META,1FTFW5L57SFC57752,, ,O,76350
SGC54231,2025,FORD,EXPLORER,ST-LINE 4DR 4X4,N,Available,84,RAPID RED METALLIC TINTED CLEARCOAT,1FMUK8KH0SGC54231,15, ,S,53370
RKF18476A,2022,CHEVROLET,SILVERADO 1500,CUSTOM 4X4 CREW CAB 5.75 FT. BOX 147.4 IN. WB,U,Available,84,DARK ASH METALLIC,1GCPDBEKXNZ561592,36923, ,S,32999
SGC92770,2025,FORD,EXPLORER,PLATINUM 4DR 4X4,N,Available,15,AGATE BLACK METALLIC,1FMUK8HH1SGC92770,5, ,S,59115
N003U9N,2026,FORD,ESCAPE,ST-LINE SELECT 4DR ALL-WHEEL DRIVE,N,Available,5,CARBONIZED GRAY,1FMCU9NZ6TUA37415,, ,O,36580
SLB36973,2025,FORD,BRONCO,BIG BEND 4DR 4X4,N,Available,14,MARSH GRAY,1FMEE7BH6SLB36973,5, ,S,57935
TEC38431,2026,FORD,F-350, ,N,Available,22,OXFORD WHITE,1FT8W3BM6TEC38431,5, ,S,100380
SGD08156,2025,FORD,EXPLORER,ST 4DR 4X4,N,Available,15,STAR WHITE METALLIC TRI-COAT,1FMWK8GC1SGD08156,5, ,S,63405
SLB38357,2025,FORD,BRONCO,BIG BEND 4DR 4X4,N,Available,20,AZURE GRAY METALLIC TRI-COAT,1FMEE7BH5SLB38357,5, ,S,54355
FA1321A,2010,MERCURY,MOUNTAINEER,BASE ALL-WHEEL DRIVE,U,Available,5, ,4M2EN4HE7AUJ01832,159451, ,S,0
SEC32155,2025,FORD,F-250, ,N,Available,239,OXFORD WHITE,1FT8W2BT0SEC32155,17, ,S,78295
SLE60775,2025,FORD,RANGER,LARIAT 4X4 SUPERCREW 5 FT. BOX 128.7 IN. WB,N,Available,14,OXFORD WHITE,1FTER4KH1SLE60775,5, ,T,50680
SGC89321,2025,FORD,EXPLORER,ACTIVE 4DR 4X4,N,Available,34,AGATE BLACK METALLIC,1FMUK8DH4SGC89321,5, ,S,49115
N022K8K,2026,FORD,EXPLORER,ST-LINE 4DR 4X4,N,Available,,AGATE BLACK MET,1FMUK8KH5TGA44967,, ,O,50890
FA1245A,2020,FORD,ESCAPE,SE 4DR ALL-WHEEL DRIVE,U,Available,80,RED,1FMCU9G67LUB04249,93830, ,S,15997
SRF39590A,2008,TOYOTA,SIENNA, ,U,Available,5, ,5TDZK23C48S193555,278000, ,S,0
P77NW3L,2025,FORD,F-150, ,N,Available,,AGATE BLACK MET,1FTFW3LD3SFC50180,, ,O,62390
SFC19380,2025,FORD,F-150, ,N,Available,27,RAPID RED MET T,1FTFW5L81SFC19380,5, ,T,74295
S5413467A,2024,FORD,MUSTANG, ,U,Available,1,DARK MATTER GRA,1FA6P8TH3R5140751,4327, ,S,0
TEC20422,2026,FORD,F-250, ,N,Available,50,CARBONIZED GRAY METALLIC,1FT7W2BT7TEC20422,5, ,S,70895
FA1332,2023,FORD,EXPLORER,XLT 4DR 4X4,U,Available,, ,1FMSK8DH6PGA32272,29778, ,S,37550
SRF47984,2025,FORD,BRONCO SPORT,HERITAGE 4DR 4X4,N,Available,13,CARBONIZED GRAY,3FMCR9GN7SRF47984,5, ,T,35990
818HW3L,2025,FORD,F-150, ,N,Available,,AGATE BLACK MET,1FTFW3L52SKF69909,, ,O,63210
SED73073,2025,FORD,F-350, ,N,Available,84,ANTIMATTER BLUE METALLIC,1FT8W3BT4SED73073,5, ,S,80410
H811U9M,2026,FORD,ESCAPE,ST-LINE 4DR ALL-WHEEL DRIVE,N,Available,,RAPID RED MET T,1FMCU9MN4TUA23821,, ,O,35280
SKF38728,2025,FORD,F-150, ,N,Available,21,CARBONIZED GRAY METALLIC,1FTFW3L85SKF38728,5, ,S,64265
TED01163,2026,FORD,F-350, ,N,Available,13,CARBONIZED GRAY,1FT8W3BT6TED01163,5, ,T,88175
TEC74457,2026,FORD,F-250, ,N,Available,33,STAR WHITE,1FT8W2BM3TEC74457,5, ,T,91985
FA1276,2024,FORD,EDGE,TITANIUM 4DR ALL-WHEEL DRIVE,U,Available,133,BLACK METALLIC,2FMPK4K94RBA88277,27004, ,S,29999
SGC63718,2025,FORD,EXPLORER,ACTIVE 4DR 4X4,N,Available,84,VAPOR BLUE METALLIC,1FMUK8DH0SGC63718,5, ,S,50850
SFA62646,2025,FORD,F-150,KING RANCH 4X4 SUPERCREW CAB 5.5 FT. BOX 145 IN. WB,N,Available,,STAR WHITE,1FTFW6LD1SFA62646,, ,,78990
I813R9D,2025,FORD,BRONCO SPORT,BADLANDS 4DR 4X4,N,Available,17,CARBONIZED GRAY,3FMCR9DA2SRF61681,, ,O,42110
R048E6A,2025,FORD,BRONCO,BASE 2DR 4X4,N,Available,,OXFORD WHITE,1FMDE6AHXSLB71099,, ,O,51170
RKE26157B,2024,FORD,BRONCO,RAPTOR 4DR 4X4,U,Available,41,SHADOW BLACK,1FMEE0RR1RLA28499,9211, ,S,74960
N021K8H,2026,FORD,EXPLORER,PLATINUM 4DR 4X4,N,Available,,RAPID RED MET T,1FMUK8HH3TGA52928,, ,O,60035
811QR4H,2025,FORD,RANGER,XLT 4X4 SUPERCREW 5 FT. BOX 128.7 IN. WB,N,Available,,SHADOW BLACK,1FTER4HP9SLE67486,, ,O,46720
SRF56877,2025,FORD,BRONCO SPORT,BIG BEND 4DR 4X4,N,Available,17,AZURE GRAY META,3FMCR9BN8SRF56877,5, ,T,35680
SGC95139,2025,FORD,EXPLORER,PLATINUM 4DR 4X4,N,Available,21,RED METALLIC,1FMUK8HH9SGC95139,5, ,S,59355
FA1327,2024,MAZDA,CX-30, ,U,Available,47,GRAY METALLIC,3MVDMBCM7RM664871,37381, ,S,23999
N109W1R,2025,FORD,F-150,RAPTOR 4X4 SUPERCREW CAB 5.5 FT. BOX 145 IN. WB,N,Available,3,SPACE WHITE MET,1FTFW1RG1SFC69400,, ,O,83490
N032R2C,2026,FORD,TRANSIT-250 CARGO,BASE ALL-WHEEL DRIVE MEDIUM ROOF VAN 148 IN. WB,N,Available,10,OXFORD WHITE,1FTBR2C88TKA25927,, ,O,62120
FA1298,2023,CHEVROLET,EQUINOX,LT W/2FL ALL-WHEEL DRIVE,U,Available,88,SUMMIT WHITE,3GNAXTEG7PL250394,12758, ,S,23259
SFC34028,2025,FORD,F-150,TREMOR 4X4 SUPERCREW CAB 5.5 FT. BOX 145 IN. WB,N,Available,1,OXFORD WHITE,1FTFW4L84SFC34028,5, ,S,79845
SFC18928,2025,FORD,F-150, ,N,Available,1,ANTIMATTER BLUE,1FTFW5L87SFC18928,5, ,S,73190
SEA42910,2025,FORD,EXPEDITION,TREMOR 4DR 4X4,N,Available,68,WHITE METALLIC,1FMJU1RG5SEA42910,116, ,S,84540
,2017,FORD,MUSTANG,GT PREMIUM 2DR FASTBACK,T,Appraised,, ,1FA6P8CF7H5330372,62563, ,,0
715PK8J,2026,FORD,EXPLORER,TREMOR 4DR 4X4,N,Available,,STAR WHITE MET ,1FMWK8JC0TGA25631,, ,O,64265
,2015,LAND ROVER,RANGE ROVER SPORT,5.0L V8 SUPERCHARGED 4DR 4X4,T,Appraised,,SANTORINI BLACK [BLACK],SALWR2TF1FA511580,92172, ,,0
N104W5L,2025,FORD,F-150,LARIAT 4X4 SUPERCREW CAB 5.5 FT. BOX 145 IN. WB,N,Available,3,CARBONIZED GRAY,1FTFW5L58SFC68033,, ,O,74845
SUA79471,2025,FORD,ESCAPE,PHEV 4DR FRONT-WHEEL DRIVE,N,Available,225,WHITE METALLIC,1FMCU0E10SUA79471,5, ,S,40890
F57NK8D,2026,FORD,EXPLORER,ACTIVE 4DR 4X4,N,Available,,AGATE BLACK MET,1FMUK8DH2TGA38315,, ,O,44680
,2022,JEEP,WRANGLER UNLIMITED 4XE,SAHARA 4DR 4X4,T,Appraised,, ,1C4JJXP65NW170640,39189, ,,0
,2021,KIA,TELLURIDE,S (A8) 4DR ALL-WHEEL DRIVE,T,Appraised,, ,5XYP6DHC2MG150159,94380, ,,0
SKF61175,2025,FORD,F-150,XLT 4X4 SUPERCREW CAB 5.5 FT. BOX 145 IN. WB,N,Available,21,GRAY METALLIC,1FTEW3LP2SKF61175,5, ,S,63730
SFC19627,2025,FORD,F-150,TREMOR 4X4 SUPERCREW CAB 5.5 FT. BOX 145 IN. WB,N,Available,25,CARBONIZED GRAY,1FTFW4L86SFC19627,5, ,T,78820
SEC25524A,2024,CHEVROLET,SILVERADO 2500HD,LT 4X4 CREW CAB 6.75 FT. BOX 159 IN. WB,U,Available,1, ,2GC4YNEY1R1180645,67568, ,S,0
N030W3L,2025,FORD,F-150,XLT 4X4 SUPERCREW CAB 5.5 FT. BOX 145 IN. WB,N,Available,,ICONIC SILVER M,1FTEW3LP4SKF91584,, ,O,61695
SEA53156,2025,FORD,EXPEDITION,ACTIVE 4DR 4X4,N,Available,24,GRAY,1FMJU1J82SEA53156,180, ,S,72885
811IK1P,2025,FORD,EXPEDITION MAX,KING RANCH 4DR 4X4,N,Available,,STAR WHITE MET ,1FMJK1P89SEA75300,, ,O,90910
TEC38689,2026,FORD,F-250, ,N,Available,35,OXFORD WHITE,1FT8W2BM9TEC38689,5, ,S,78360
SLB56698,2025,FORD,BRONCO,OUTER BANKS 4DR 4X4,N,Available,20,SHADOW BLACK,1FMEE8BP4SLB56698,5, ,T,60340
,2008,TOYOTA,SIENNA, ,T,Appraised,, ,5TDZK23C48S193555,278000, ,,0
SRB39626,2025,FORD,MAVERICK,XLT ALL-WHEEL DRIVE SUPERCREW 4.5 FT. BOX 121.1 IN. WB,N,Available,56,SHADOW BLACK,3FTTW8JA5SRB39626,5, ,S,35785
FA1235A,2021,KIA,FORTE,GT (DCT) 4DR SEDAN,U,Available,34,GRAVITY GRAY,3KPF44AC6ME366900,43526, ,S,18696
SGD07210,2025,FORD,EXPLORER,PLATINUM 4DR 4X4,N,Available,5,WHITE,1FMUK8HH7SGD07210,125, ,S,58660
SLB56806,2025,FORD,BRONCO,OUTER BANKS 4DR 4X4,N,Available,1,OXFORD WHITE,1FMEE8BH2SLB56806,5, ,S,58195
R034W2B,2026,FORD,F-250, ,N,Available,,AVALANCHE,1FT8W2BT0TEC99582,, ,O,88845
SKF60946,2025,FORD,F-150,XLT 4X4 SUPERCREW CAB 5.5 FT. BOX 145 IN. WB,N,Available,7,SPACE WHITE METALLIC,1FTEW3LP0SKF60946,5, ,S,63110
SFC04360,2025,FORD,F-150, ,N,Available,1,CARBONIZED GRAY,1FTFW5L88SFC04360,5, ,S,73000
SLB36332,2025,FORD,BRONCO,OUTER BANKS 4DR 4X4,N,Available,13,OXFORD WHITE,1FMEE8BH4SLB36332,5, ,S,59940
FA1319,2024,HONDA,PASSPORT,EX-L (A9) 4DR ALL-WHEEL DRIVE,U,Available,61,CRYSTAL BLACK PEARL,5FNYF8H59RB011867,52443, ,S,34493
SKD76751,2025,FORD,F-150,STX 4X4 SUPERCREW CAB 5.5 FT. BOX 145 IN. WB,N,Available,77,GRAY METALLIC,1FTEW2LP4SKD76751,213, ,S,53940
SFA35476,2025,FORD,F-150, ,N,Available,232,OXFORD WHITE,1FTFW5LD7SFA35476,48, ,S,70240
SLE46369,2025,FORD,RANGER,LARIAT 4X4 SUPERCREW 5 FT. BOX 128.7 IN. WB,S,Available,63,VELOCITY BLUE M,1FTER4KP9SLE46369,5, ,T,54025
R5140751,2024,FORD,MUSTANG,MUST,T,Appraised,,DARK MATTER GRAY METALLIC,1FA6P8TH3R5140751,5, ,,0
,2015,FORD,FOCUS, ,T,Appraised,, ,1FADP3K20FL306626,99207, ,,0
,2011,FORD,EDGE, ,T,Appraised,, ,2FMDK3GC4BBB44483,125883, ,,0
,2016,GMC,CANYON,SLE 4X4 CREW CAB 6 FT. BOX 140.5 IN. WB,T,Appraised,,EMERALD GREEN METALLIC [GREEN],1GTP6CE1XG1201571,114030, ,,0
TEC50660,2026,FORD,F-250, ,N,Available,26,OXFORD WHITE,1FT8W2BM1TEC50660,5, ,S,82075
R811U9M,2026,FORD,ESCAPE,ST-LINE 4DR ALL-WHEEL DRIVE,N,Available,,VAPOR BLUE META,1FMCU9MNXTUA13603,, ,O,35625
SRF40171,2025,FORD,BRONCO SPORT,OUTER BANKS 4DR 4X4,N,Available,11,GRAY METALLIC,3FMCR9CN0SRF40171,5, ,S,38975
,2023,HYUNDAI,SANTA FE,CALLIGRAPHY (DCT) 4DR ALL-WHEEL DRIVE,T,Appraised,, ,5NMS5DAL3PH636237,29307, ,,0
R046E9B,2025,FORD,BRONCO,BADLANDS 4DR 4X4,N,Available,,MARSH GRAY,1FMEE9BP8SLB68410,, ,O,63205
818GE9B,2025,FORD,BRONCO,BADLANDS 4DR 4X4,N,Available,,DESERT SAND,1FMEE9BP4SLB58148,, ,P,64305
SGC65023B,2015,FORD,FOCUS,SE 4DR HATCHBACK,U,Available,10,MAGNETIC,1FADP3K20FL306626,99208, ,S,8977
715QK8J,2026,FORD,EXPLORER,TREMOR 4DR 4X4,N,Available,,AGATE BLACK MET,1FMWK8JC8TGA27109,, ,O,63665
B617W2L,2025,FORD,F-150,STX 4X4 SUPERCREW CAB 5.5 FT. BOX 145 IN. WB,N,Available,4,AGATE BLACK MET,1FTEW2L56SFC13669,, ,O,60620
TUA13844,2026,FORD,ESCAPE,ACTIVE 4DR ALL-WHEEL DRIVE,N,Available,19,VAPOR BLUE META,1FMCU9GN5TUA13844,5, ,T,34780
SRB21266,2025,FORD,MAVERICK,XL FRONT-WHEEL DRIVE SUPERCREW 4.5 FT. BOX 121.1 IN. WB,N,Available,67,VELOCITY BLUE,3FTTW8A38SRB21266,5, ,S,30960
811EU1R,2025,FORD,EXPEDITION,TREMOR 4DR 4X4,N,Available,,DARK MATTER GRE,1FMJU1RG2SEA74178,, ,O,85280
SFC09088,2025,FORD,F-150, ,N,Available,,ATLAS BLUE,1FTFW5LD3SFC09088,, ,,74915
SUB60571A,2018,HYUNDAI,KONA,SEL W/CONTRASTING ROOF (A6) 4DR FRONT-WHEEL DRIVE,U,Available,18,SONIC SILVER W/BLACK ROOF,KM8K22AA6JU103046,90855, ,S,13245
SRF08293,2025,FORD,BRONCO SPORT,BIG BEND 4DR 4X4,N,Available,,ERUPTION GREEN,3FMCR9BN6SRF08293,, ,,38080
FA1264B,2023,HYUNDAI,SANTA FE,XRT (A8) 4DR FRONT-WHEEL DRIVE,U,Available,45,STORMY SEA,5NMS64AJ8PH565371,44910, ,S,23997
N018K8J,2026,FORD,EXPLORER,TREMOR 4DR 4X4,N,Available,,CARBONIZED GRAY,1FMUK8JH0TGA43470,, ,O,50905
SRE80820,2025,FORD,BRONCO SPORT,BIG BEND 4DR 4X4,N,Available,160,RUBY RED METALLIC,3FMCR9BN4SRE80820,5, ,T,33085
FA1295A,2015,CHEVROLET,SONIC,LT AUTO 4DR HATCHBACK,U,Available,3,RED,1G1JC6SH2F4218680,137239, ,S,0
SKF38663,2025,FORD,F-150,STX 4X4 SUPERCREW CAB 5.5 FT. BOX 145 IN. WB,N,Available,21,CARBONIZED GRAY METALLIC,1FTEW2LP7SKF38663,5, ,S,50825
TEC89926,2026,FORD,F-450, ,S,Available,12,ARGON BLUE META,1FT8W4DM9TEC89926,5, ,T,109780
FA1269,2023,JEEP,WRANGLER 4XE,SAHARA 4DR 4X4,U,Available,141,SILVER ZYNITH CLEARCOAT,1C4JJXP6XPW630491,55284, ,S,27999
SGC41640A,2021,JEEP,WRANGLER UNLIMITED,SPORT S 4DR 4X4,U,Available,24,BLACK CLEARCOAT,1C4HJXDNXMW770949,82837, ,S,28288
804CW2B,2026,FORD,F-250, ,N,Available,5,OXFORD WHITE,1FT8W2BM6TEC82066,, ,O,81195
FR192,2024,JEEP,GRAND CHEROKEE 4XE,TRAILHAWK 4DR 4X4,U,Available,369,MIDNIGHT SKY,1C4RJYC67R8941608,16875, ,S,35317
SRB38977,2025,FORD,MAVERICK,XLT ALL-WHEEL DRIVE SUPERCREW 4.5 FT. BOX 121.1 IN. WB,N,Available,24,CARBONIZED GRAY METALLIC,3FTTW8JA7SRB38977,5, ,S,35785
L811U9G,2026,FORD,ESCAPE,ACTIVE 4DR ALL-WHEEL DRIVE,N,Available,,AGATE BLACK MET,1FMCU9GN7TUA20066,, ,O,34285
FA1274,2022,JEEP,WRANGLER UNLIMITED, ,U,Available,133,STING-GRAY CLEARCOAT,1C4HJXDN2NW254411,38493, ,S,26890
TEC05762,2026,FORD,F-350, ,N,Available,50,STAR WHITE METALLIC TRI-COAT,1FT8W3BM7TEC05762,5, ,S,90035
TGA08162,2026,FORD,EXPLORER,ST 4DR 4X4,N,Available,6,STAR WHITE METALLIC TRI-COAT,1FMWK8GC6TGA08162,5, ,S,60290
SEA53979A,2018,FORD,F-150, ,U,Available,13,SHADOW BLACK,1FTEW1EG6JKD87000,134369, ,S,24360
FA1222B,2022,CHEVROLET,SILVERADO 1500 LTD,RST 4X4 CREW CAB 5.75 FT. BOX 147.4 IN. WB,U,Available,13,CHERRY RED TINTCOAT,1GCUYEED5NZ120219,50669, ,S,0
SKF28493,2025,FORD,F-150,STX 4X4 SUPERCREW CAB 5.5 FT. BOX 145 IN. WB,N,Available,47,AGATE BLACK METALLIC,1FTEW2LP2SKF28493,5, ,S,50425
N033R2C,2026,FORD,TRANSIT-250 CARGO,BASE ALL-WHEEL DRIVE MEDIUM ROOF VAN 148 IN. WB,N,Available,3,OXFORD WHITE,1FTBR2C84TKA29554,, ,O,61835
RKB17762,2024,FORD,TRANSIT-250 CARGO,BASE ALL-WHEEL DRIVE MEDIUM ROOF VAN 148 IN. WB,N,Available,382,OXFORD WHITE,1FTBR2C81RKB17762,523, ,S,61775
FA1221A,2017,GMC,CANYON,DENALI 4X4 CREW CAB 5 FT. BOX 128.3 IN. WB,U,Available,20,DARK SLATE METALLIC,1GTG6EENXH1257459,101064, ,S,22197
I164K8D,2026,FORD,EXPLORER,ACTIVE 4DR 4X4,N,Available,10,SPACE SILVER,1FMUK8DHXTGA18085,, ,O,44280
N011W8J,2026,FORD,MAVE, ,N,Available,3,SHADOW BLACK,3FTTW8JA3TRA12164,, ,O,36000
S5409462,2025,FORD,MUSTANG, ,N,Available,47,MAGENTA,1FA6P8CFXS5409462,5, ,S,56715
SED44922,2025,FORD,F-250, ,N,Available,158,RACE RED,1FT8W2BT7SED44922,5, ,S,84645
SKF55869,2025,FORD,F-150,XL 4X2 REGULAR CAB 8 FT. BOX 141 IN. WB,S,Available,19,OXFORD WHITE,1FTMF1KP3SKF55869,12, ,S,40425
SRF27803,2025,FORD,BRONCO SPORT,BIG BEND 4DR 4X4,N,Available,48,OXFORD WHITE,3FMCR9BNXSRF27803,5, ,S,32990
F903W2B,2026,FORD,F-250, ,N,Available,,OXFORD WHITE,1FT8W2BM3TED00281,, ,O,90880
TEC49440,2026,FORD,F-250, ,N,Available,24,OXFORD WHITE,1FT8W2BM4TEC49440,5, ,S,89615
SEA65927,2025,FORD,EXPEDITION MAX,KING RANCH 4DR 4X4,N,Available,25,STAR WHITE MET ,1FMJK1P83SEA65927,5, ,T,90910
N010W8J,2026,FORD,MAVERI, ,N,Available,3,SHADOW BLACK,3FTTW8J39TRA12316,, ,O,39770
,2023,LEXUS,NX 350,LUXURY (A8) 4DR ALL-WHEEL DRIVE,T,Appraised,, ,2T2HGCEZ5PC027066,29373, ,,0
I811U9M,2026,FORD,ESCAPE,ST-LINE 4DR ALL-WHEEL DRIVE,N,Available,,CARBONIZED GRAY,1FMCU9MN8TUA19416,, ,O,35130
TEC32396,2026,FORD,F-250, ,N,Available,32,OXFORD WHITE,1FT7W2BT4TEC32396,5, ,T,71675
N017K8G,2026,FORD,EXPLORER,ST 4DR 4X4,N,Available,,CARBONIZED GRAY,1FMWK8GC8TGA43088,, ,O,63180
SRB41455,2025,FORD,MAVERICK,XLT FRONT-WHEEL DRIVE SUPERCREW 4.5 FT. BOX 121.1 IN. WB,N,Available,67,SPACE WHITE METALLIC,3FTTW8H34SRB41455,21, ,S,34365
SUB71281,2025,FORD,ESCAPE,ACTIVE 4DR FRONT-WHEEL DRIVE,N,Available,29,RAPID RED METALLIC TINTED CLEARCOAT,1FMCU0GN6SUB71281,211, ,S,31850
SRF26454B,2022,KIA,SOUL,LX (IVT) 4DR HATCHBACK,U,Available,24,CHERRY BLACK,KNDJ23AU7N7153538,114767, ,S,14784
SGD01490A,2020,GMC,TERRAIN,SLT FRONT-WHEEL DRIVE,U,Available,3, ,3GKALPEV1LL291029,83227, ,S,0
SKD04764,2025,FORD,F-150,STX 4X4 SUPERCREW CAB 5.5 FT. BOX 145 IN. WB,N,Available,277,RED METALLIC,1FTEW2LP5SKD04764,21, ,S,55320
N013R9B,2025,FORD,BRONCO SPORT,BIG BEND 4DR 4X4,N,Available,17,ERUPTION GREEN ,3FMCR9BN9SRF63210,, ,O,37800
,2016,FORD,F-150, ,T,Appraised,, ,1FTEX1EP0GFB12205,214000, ,,0
,2016,TESLA,MODEL X,75D 4DR SPORT UTILITY,T,Appraised,, ,5YJXCBE23GF015521,112593, ,,0
SLB37776,2025,FORD,BRONCO,BIG BEND 4DR 4X4,N,Available,20,SHADOW BLACK,1FMDE7BH4SLB37776,5, ,S,50160
SMA32190,2025,FORD,MUSTANG MACH-E,PREMIUM 4DR ALL-WHEEL DRIVE,N,Available,98,MOLTEN MAGENTA METALLIC TINTED CLEARCOAT,3FMTK3SU7SMA32190,5, ,S,54510
N007W8J,2026,FORD,MAVE, ,N,Available,17,CARBONIZED GRAY,3FTTW8JA5TRA09542,, ,O,35905
L721W2L,2025,FORD,F-150,STX 4X4 SUPERCREW CAB 5.5 FT. BOX 145 IN. WB,N,Available,4,AGATE BLACK MET,1FTEW2L59SFC36606,, ,O,59995
SKF57043,2025,FORD,F-150,XL 4X2 REGULAR CAB 8 FT. BOX 141 IN. WB,S,Available,21,OXFORD WHITE,1FTMF1KP7SKF57043,11, ,S,40425
SGC61885,2025,FORD,EXPLORER,ST 4DR 4X4,N,Available,41,RAPID RED METALLIC TINTED CLEARCOAT,1FMWK8GC8SGC61885,284, ,S,59360
SKD42493,2025,FORD,F-150,STX 4X4 SUPERCREW CAB 5.5 FT. BOX 145 IN. WB,N,Available,129,WHITE METALLIC,1FTFW2L5XSKD42493,37, ,S,56500
SUB48397,2025,FORD,ESCAPE,ST-LINE ELITE 4DR ALL-WHEEL DRIVE,N,Available,69,AGATE BLACK METALLIC,1FMCU9PA7SUB48397,5, ,S,38495
SKF59643,2025,FORD,F-150,XL 4X2 REGULAR CAB 8 FT. BOX 141 IN. WB,S,Available,21,OXFORD WHITE,1FTMF1KP8SKF59643,12, ,S,40425
K89FK8D,2026,FORD,EXPLORER,ACTIVE 4DR 4X4,N,Available,,VAPOR BLUE,1FMUK8DH0TGA38362,, ,O,45175
SRE51289A,2022,HONDA,CIVIC,SPORT (CVT) 4DR SEDAN,U,Available,38,CRYSTAL BLACK PEARL,2HGFE2F5XNH591842,69916, ,S,23752
SUB03722,2025,FORD,ESCAPE,ACTIVE 4DR FRONT-WHEEL DRIVE,N,Available,162,AGATE BLACK METALLIC,1FMCU0GN0SUB03722,5, ,S,31985
SEA57612A,2023,JEEP,WAGONEER,SERIES II 4DR 4X4,U,Available,27,BRIGHT WHITE CLEARCOAT,1C4SJVBP2PS560971,33018, ,S,52986
SKF55970,2025,FORD,F-150,STX 4X4 SUPERCREW CAB 5.5 FT. BOX 145 IN. WB,N,Available,7,SPACE WHITE METALLIC,1FTEW2LP2SKF55970,5, ,S,51890
FA1320,2024,FORD,EDGE,TITANIUM 4DR ALL-WHEEL DRIVE,U,Available,57,GRAY METALLIC,2FMPK4K99RBA90090,39778, ,S,43820
,2018,FORD,F-150, ,T,Appraised,, ,1FTEW1EG6JKD87000,134369, ,,0
,2020,MAZDA,MAZDA3, ,T,Appraised,, ,JM1BPBNM1L1161161,53830, ,,0
TUA24685,2026,FORD,ESCAPE,ACTIVE 4DR ALL-WHEEL DRIVE,N,Available,24,SPACE SILVER ME,1FMCU9GN0TUA24685,5, ,T,34780
SKF38768,2025,FORD,F-150, ,N,Available,19,OXFORD WHITE,1FTFW3L86SKF38768,5, ,S,64265
818FE7B,2025,FORD,BRONCO,BIG BEND 4DR 4X4,N,Available,,SHADOW BLACK,1FMEE7BH7SLB54379,, ,P,57215
RFB44140,2024,FORD,F-150, ,T,Pending Appraisal,,BLACK,1FTFW3LD6RFB44140,44, ,,0
SFA29599,2025,FORD,F-150, ,N,Available,270,BLUE METALLIC,1FTFW5LD4SFA29599,5, ,S,73470
SGC95708,2025,FORD,EXPLORER,ST 4DR 4X4,N,Available,42,STAR WHITE METALLIC TRI-COAT,1FMWK8GC2SGC95708,5, ,S,63205
TEC24434,2026,FORD,F-250, ,N,Available,42,RACE RED,1FT8W2BT6TEC24434,5, ,S,79715
SLB53288,2025,FORD,BRONCO,OUTER BANKS 4DR 4X4,N,Available,20,AZURE GRAY MET ,1FMEE8BH2SLB53288,5, ,T,62015
N016E7B,2025,FORD,BRONCO,BIG BEND 4DR 4X4,N,Available,,DESERT SAND,1FMEE7BH1SLB64485,, ,O,58505
TEC05434,2026,FORD,F-250, ,N,Available,42,MARSH GRAY,1FT8W2BM9TEC05434,5, ,S,85520
FA1310,2024,BUICK,ENVISTA,PREFERRED 4DR FRONT-WHEEL DRIVE,U,Available,70,EBONY TWILIGHT METALLIC,KL47LAE22RB200685,15704, ,S,23253
,2018,FORD,F-150,LARIAT 4X4 SUPERCREW CAB STYLESIDE 5.5 FT. BOX 145 IN. WB,T,Appraised,, ,1FTEW1EG2JKC63239,114000, ,,0
A813W3L,2025,FORD,F-150 LIGHTNING,FLASH ALL-WHEEL DRIVE SUPERCREW CAB 5.5 FT. BOX 145 IN. WB,N,Available,,CARBONIZED GRAY,1FT6W3LUXSWG33176,, ,O,73990
SLB39641,2025,FORD,BRONCO,BIG BEND 4DR 4X4,N,Available,20,OXFORD WHITE,1FMEE7BH7SLB39641,5, ,S,58560
,2007,LAND ROVER,RANGE ROVER,HSE 4DR ALL-WHEEL DRIVE,T,Appraised,, ,SALME15447A250682,194886, ,,0
,2018,FORD,F-150,RAPTOR 4X4 SUPERCAB STYLESIDE 5.5 FT. BOX 133 IN. WB,T,Appraised,, ,,125000, ,,0
REF71839A,2024,GMC,SIERRA 3500HD, ,U,Available,147,ONYX BLACK,1GT49WEY1RF395342,8218, ,S,75565
TUA23878,2026,FORD,ESCAPE,ACTIVE 4DR ALL-WHEEL DRIVE,N,Available,19,VAPOR BLUE META,1FMCU9GN6TUA23878,5, ,T,34930
N024W5L,2025,FORD,F-150, ,N,Available,24,ICONIC SILVER M,1FTFW5L59SFC56604,, ,O,75375
SLE54570,2025,FORD,RANGER,XLT 4X4 SUPERCREW 5 FT. BOX 128.7 IN. WB,N,Available,20,GRAY METALLIC,1FTER4HH9SLE54570,5, ,S,44250
SEA56417,2025,FORD,EXPEDITION,PLATINUM 4DR 4X4,N,Available,62,AGATE BLACK MET,1FMJU1MG4SEA56417,5, ,T,84730
TEC72585,2026,FORD,F-250, ,N,Available,39,STAR WHITE,1FT8W2BM2TEC72585,5, ,T,101210
SRF49905,2025,FORD,BRONCO SPORT,BIG BEND 4DR 4X4,N,Available,7,SHADOW BLACK,3FMCR9BN7SRF49905,5, ,T,32990
ORDR001,2025,FORD,MAVERICK,LARIAT ALL-WHEEL DRIVE SUPERCREW 4.5 FT. BOX 121.1 IN. WB,N,Available,,RUBY RED,,, ,,40020
SLB09913,2025,FORD,BRONCO,BIG BEND 4DR 4X4,N,Available,54,ERUPTION GREEN METALLIC,1FMEE7BH7SLB09913,5, ,S,57060
,2003,DODGE,GRAND CARAVAN,SE FRONT-WHEEL DRIVE PASSENGER VAN,T,Appraised,, ,1D4GP243X3B152924,142424, ,,0
811TR4L,2025,FORD,RANGER,RAPTOR 4X4 SUPERCREW 5 FT. BOX 128.7 IN. WB,N,Available,,SHADOW BLACK,1FTER4LR4SLE63936,, ,P,59260
811HU1M,2025,FORD,EXPEDITION,PLATINUM 4DR 4X4,N,Available,,DARK MATTER GRE,1FMJU1MG0SEA76504,, ,O,85225
FA1328,2021,JEEP,WRANGLER UNLIMITED 4XE,SAHARA 4DR 4X4,U,Available,27,BLACK CLEARCOAT,1C4JJXP6XMW776739,46444, ,S,31791
SGC50949A,2020,LINCOLN,CORSAIR,RESERVE 4DR FRONT-WHEEL DRIVE,U,Available,3,WHITE,5LMCJ2C96LUL25659,36079, ,S,0
T42EW3L,2025,FORD,F-150, ,N,Available,,OXFORD WHITE,1FTFW3LD9SFC50202,, ,O,62390
FA1282,2024,FORD,EXPEDITION,TIMBERLINE 4DR 4X4,U,Available,112,BLACK METALLIC,1FMJU1RG8REA09829,12850, ,S,64340
TUA05895,2026,FORD,ESCAPE,ACTIVE 4DR ALL-WHEEL DRIVE,N,Available,20,BLACK METALLIC,1FMCU9GN4TUA05895,5, ,S,35080
,2010,MERCURY,MOUNTAINEER,BASE ALL-WHEEL DRIVE,T,Appraised,, ,4M2EN4HE7AUJ01832,159451, ,,0
SEA53582,2025,FORD,EXPEDITION,ACTIVE 4DR 4X4,N,Available,24,AGATE BLACK METALLIC,1FMJU1J88SEA53582,5, ,S,68420
SFA13166,2025,FORD,F-150,XLT 4X4 SUPERCREW CAB 5.5 FT. BOX 145 IN. WB,N,Available,264,BLUE METALLIC,1FTFW3LD8SFA13166,68, ,S,68255
S5124820,2025,FORD,MUSTANG, ,N,Available,129,MAGENTA,1FA6P8TH7S5124820,5, ,T,44330
N001U9G,2026,FORD,ESCAPE,ACTIVE 4DR ALL-WHEEL DRIVE,N,Available,,VAPOR BLUE META,1FMCU9GN9TUA41548,, ,O,36770
SRA82026,2025,FORD,MAVERICK,LOBO STANDARD ALL-WHEEL DRIVE SUPERCREW 4.5 FT. BOX 121.1 IN. WB,N,Available,148,GRAY METALLIC,3FTCW8TA6SRA82026,21, ,S,37125
SLB30124,2025,FORD,BRONCO,RAPTOR 4DR 4X4,N,Available,20,SHADOW BLACK,1FMEE0RR0SLB30124,5, ,S,85950
FA1331,2022,FORD,EXPLORER,LIMITED 4DR 4X4,U,Available,, ,1FMSK8FH1NGB67993,39312, ,S,37660
SKD29138A,2016,FORD,F-150, ,U,Available,6, ,1FTEX1EP0GFB12205,214653, ,S,0
N015R9B,2025,FORD,BRONCO SPORT,BIG BEND 4DR 4X4,N,Available,5,DESERT SAND,3FMCR9BN9SRF65247,, ,O,38100
SLB41644,2025,FORD,BRONCO,BIG BEND 4DR 4X4,N,Available,20,DESERT SAND,1FMEE7BH1SLB41644,5, ,S,57630
A903W5L,2025,FORD,F-150, ,N,Available,,AGATE BLACK MET,1FTFW5L83SFC47679,, ,O,73625
R038W1R,2025,FORD,F-150,RAPTOR 4X4 SUPERCREW CAB 5.5 FT. BOX 145 IN. WB,N,Available,,AGATE BLACK MET,1FTFW1RG2SFC63718,, ,O,83720
RKB26128,2024,FORD,TRANSIT-250 CARGO,BASE REAR-WHEEL DRIVE LOW ROOF VAN 130 IN. WB,N,Available,410,OXFORD WHITE,1FTBR1Y87RKB26128,31, ,S,54325
TEC74053,2026,FORD,F-250, ,N,Available,25,CARBONIZED GRAY,1FT8W2BM1TEC74053,5, ,T,90470
R047E9B,2025,FORD,BRONCO,BADLANDS 4DR 4X4,N,Available,,DESERT SAND,1FMEE9BP1SLB70905,, ,O,61855
,2009,HONDA,CIVIC HYBRID, ,T,Appraised,, ,JHMFA36279S013393,192805, ,,0
N106W5L,2025,FORD,F-150,LARIAT 4X4 SUPERCREW CAB 6.5 FT. BOX 157 IN. WB,N,Available,3,CARBONIZED GRAY,1FTFW5LD8SFC68654,, ,O,73500
FA1302,2024,LINCOLN,NAVIGATOR L,PREMIERE 4DR 4X4,U,Available,88,BLACK METALLIC,5LMJJ3NG6REL06735,46666, ,S,62998
TEC36597,2026,FORD,F-250, ,N,Available,54,OXFORD WHITE,1FT8W2BT6TEC36597,3, ,S,79825
SFC30829,2025,FORD,F-150, ,N,Available,27,STAR WHITE META,1FTFW5L8XSFC30829,5, ,T,73595
715TK3S,2025,FORD,MUSTANG MACH-E,PREMIUM 4DR ALL-WHEEL DRIVE,N,Available,,STAR WHITE MET ,3FMTK3SU2SMA58597,, ,O,54410
SUB04589,2025,FORD,ESCAPE,ACTIVE 4DR FRONT-WHEEL DRIVE,N,Available,148,SILVER METALLIC,1FMCU0GN7SUB04589,5, ,S,31985
H813R9C,2025,FORD,BRONCO SPORT,OUTER BANKS 4DR 4X4,N,Available,,AZURE GRAY META,3FMCR9CN3SRF47910,, ,O,39485
SFC19298,2025,FORD,F-150, ,N,Available,25,AGATE BLACK MET,1FTFW5L85SFC19298,5, ,T,72790
,2020,DODGE,CHARGER,SXT 4DR REAR-WHEEL DRIVE SEDAN,T,Appraised,, ,2C3CDXBG3LH233069,31454, ,,0
N002U9G,2026,FORD,ESCAPE,ACTIVE 4DR ALL-WHEEL DRIVE,N,Available,5,OXFORD WHITE,1FMCU9GN2TUA45943,, ,O,34785
SLB03405,2025,FORD,BRONCO,OUTER BANKS 4DR 4X4,N,Available,20,DESERT SAND,1FMEE8BH5SLB03405,5, ,S,61415
SLB39391A,2020,DODGE,CHARGER,SXT 4DR REAR-WHEEL DRIVE SEDAN,U,Available,1, ,2C3CDXBG3LH233069,31454, ,S,0
,2013,RAM,1500,SLT 4X4 QUAD CAB 140 IN. WB,T,Appraised,, ,1C6RR7GT8DS709749,138758, ,,0
SED57520A,2022,GMC,SIERRA 2500HD,SLE 4X4 REGULAR CAB 8 FT. BOX 141.6 IN. WB,U,Available,6,QUICKSILVER METALLIC,1GT39ME72NF297857,56252, ,S,0
SGC95645,2025,FORD,EXPLORER,ST 4DR 4X4,N,Available,32,VAPOR BLUE METALLIC,1FMWK8GC4SGC95645,5, ,S,62650
SGC50949AA,2013,JEEP,WRANGLER,SPORT 2DR 4X4,U,Available,3,TAN,1C4AJWAG0DL670314,96015, ,S,0
811LW8S,2025,FORD,MAVERICK,LARIAT ALL-WHEEL DRIVE SUPERCREW 4.5 FT. BOX 121.1 IN. WB,N,Available,,SPACE WHITE MET,3FTTW8S33SRB68817,, ,P,40880
527BE9B,2025,FORD,BRONCO,BADLANDS 4DR 4X4,N,Available,,CARBONIZED GRAY,1FMEE9BP2SLB48461,, ,O,68760
,2015,CHEVROLET,SONIC,LT AUTO 4DR HATCHBACK,T,Appraised,, ,1G1JC6SH2F4218680,137239, ,,0
,2022,FORD,F-150, ,T,Appraised,, ,1FTFW1E50NKE65618,91484, ,,0
RLB41742A,2023,TOYOTA,COROLLA CROSS,XLE (CVT) 4DR ALL-WHEEL DRIVE,U,Available,78,BARCELONA RED METALLIC,7MUDAABG8PV048986,90261, ,S,24997
811BP8T,2026,FORD,MUSTANG, ,N,Available,,CARBONIZED GRAY,1FA6P8TH9T5103095,, ,O,34590
S5121540,2025,FORD,MUSTANG, ,N,Available,145,GRABBER BLUE METALLIC,1FA6P8TH8S5121540,5, ,S,44650
SRB65927,2025,FORD,MAVERICK,XLT ALL-WHEEL DRIVE SUPERCREW 4.5 FT. BOX 121.1 IN. WB,N,Available,7,SHADOW BLACK,3FTTW8JA6SRB65927,5, ,T,36920
P811U9J,2026,FORD,ESCAPE,PLATINUM 4DR ALL-WHEEL DRIVE,N,Available,,STAR WHITE META,1FMCU9JA7TUA19327,, ,O,42070
FA1253,2023,FORD,ESCAPE,ACTIVE 4DR ALL-WHEEL DRIVE,U,Available,153,BLACK METALLIC,1FMCU9GN3PUA09894,37412, ,S,21960
,2022,CHEVROLET,SILVERADO 1500 LTD,RST 4X4 CREW CAB 5.75 FT. BOX 147.4 IN. WB,T,Appraised,, ,1GCUYEED5NZ120219,50475, ,,0
SUB40251,2025,FORD,ESCAPE,ACTIVE 4DR ALL-WHEEL DRIVE,N,Available,93,OXFORD WHITE,1FMCU9GN1SUB40251,2769, ,S,33900
SRE72392,2025,FORD,BRONCO SPORT,FREE WHEELING 4DR 4X4,N,Available,153,GRAY METALLIC,3FMCR9KN2SRE72392,2462, ,S,37120
ORD0828,2025,FORD,F-150,XL 4X4 REGULAR CAB 6.5 FT. BOX 122 IN. WB,N,Available,,CARBONIZED GRAY,,, ,,47920
SEA75695,2025,FORD,EXPEDITION MAX,ACTIVE 4DR 4X4,N,Available,13,AGATE BLACK MET,1FMJK1J82SEA75695,5, ,T,76565
FA1248A,2012,CHEVROLET,CAPTIVA SPORT,2LS 4DR FRONT-WHEEL DRIVE,U,Available,4,BLACK GRANITE M,3GNAL2EK7CS562242,171842, ,S,0
SRF37523,2025,FORD,BRONCO SPORT,OUTER BANKS 4DR 4X4,N,Available,8,DESERT SAND,3FMCR9CN1SRF37523,5, ,S,38885
FP509B,2011,FORD,EDGE,SE 4DR FRONT-WHEEL DRIVE,U,Available,3,SILVER,2FMDK3GC4BBB44483,125883, ,S,0
M62NW3L,2025,FORD,F-150, ,N,Available,,CARBONIZED GRAY,1FTFW3LD9SFC34811,, ,O,63705
TGA11000,2026,FORD,EXPLORER,PLATINUM 4DR 4X4,N,Available,6,SPACE WHITE METALLIC,1FMUK8HH4TGA11000,5, ,S,58395
REE42430C,2021,FORD,F-150,LARIAT 4X4 SUPERCREW CAB STYLESIDE 5.5 FT. BOX 145 IN. WB,U,Available,26,AGATE BLACK METALLIC,1FTEW1EP7MFB56524,55411, ,S,39969
SFC19942,2025,FORD,F-150, ,N,Available,26,ANTIMATTER BLUE,1FTFW5L86SFC19942,5, ,T,72790
S5417341,2025,FORD,MUSTANG, ,N,Available,46,SHADOW BLACK,1FA6P8CF5S5417341,5, ,S,51145
A813K8K,2026,FORD,EXPLORER,ST-LINE 4DR 4X4,N,Available,,STAR WHITE MET ,1FMUK8KH6TGA33850,, ,O,50615
SUB15196,2025,FORD,ESCAPE,ST-LINE ELITE 4DR ALL-WHEEL DRIVE,N,Available,155,BLACK METALLIC,1FMCU9PZ0SUB15196,5, ,S,40995
SFA19410B,2015,CHEVROLET,COLORADO,WT 4X2 EXTENDED CAB 6 FT. BOX 128.3 IN. WB,U,Available,25, ,1GCHSAEA5F1247599,77872, ,S,0
,2016,HONDA,ODYSSEY,SE (A6) PASSENGER VAN,T,Appraised,,-SELECT-,5FNRL5H34GB137013,, ,,0
,2017,FORD,F-150, ,T,Appraised,, ,1FTEW1EGXHKD58111,910999, ,,0
SGB80079,2025,FORD,EXPLORER,ACTIVE 4DR 4X4,N,Available,152,VAPOR BLUE,1FMUK8DH4SGB80079,3518, ,S,50395
SGB73843,2025,FORD,EXPLORER,ACTIVE 4DR 4X4,N,Available,134,WHITE METALLIC,1FMUK8DH2SGB73843,283, ,S,49160
FA1294,2022,FORD,F-150,XLT 4X4 SUPERCREW CAB 5.5 FT. BOX 145 IN. WB,U,Available,97,RAPID RED METALLIC TINTED CLEARCOAT,1FTFW1E88NKD59413,24341, ,S,46360
SUB04225A,2016,HONDA,ODYSSEY,SE (A6) PASSENGER VAN,U,Available,10,MODERN STEEL METALLIC,5FNRL5H34GB137013,147836, ,S,12882
TEC06006,2026,FORD,F-250, ,N,Available,54,CARBONIZED GRAY METALLIC,1FT8W2BM4TEC06006,3, ,S,84915
FA1324,2023,FORD,ESCAPE,ST-LINE 4DR ALL-WHEEL DRIVE,U,Available,61,SILVER METALLIC,1FMCU9MN8PUA58951,38372, ,S,23466
SLB38985,2025,FORD,BRONCO,BADLANDS 4DR 4X4,N,Available,24,CARBONIZED GRAY METALLIC,1FMEE9BP8SLB38985,5, ,S,67090
TEC55046,2026,FORD,F-250, ,N,Available,26,CARBONIZED GRAY METALLIC,1FT8W2BM8TEC55046,5, ,S,89225
SFA91960,2025,FORD,F-150,LARIAT 4X4 SUPERCREW CAB 5.5 FT. BOX 145 IN. WB,N,Available,,RAPID RED,1FTFW5LD6SFA91960,150, ,,72675
I000K8D,2026,FORD,EXPLORER,ACTIVE 4DR 4X4,N,Available,,CARBONIZED GRAY,1FMUK8DH1TGA38340,, ,O,44680
DT092325,2025,FORD,F-150 LIGHTNING,FLASH ALL-WHEEL DRIVE SUPERCREW CAB 5.5 FT. BOX 145 IN. WB,N,Available,, ,1FT6W3LU6SWG23793,, ,,75220
811GU1M,2025,FORD,EXPEDITION,PLATINUM 4DR 4X4,N,Available,,AGATE BLACK MET,1FMJU1M88SEA71141,, ,O,80250
SRE60582,2025,FORD,BRONCO SPORT,BIG BEND 4DR 4X4,N,Available,109,AZURE GRAY METALLIC,3FMCR9BN2SRE60582,5, ,S,33980
S5412533,2025,FORD,MUSTANG, ,N,Available,75,WIMBLEDON WHITE,1FA6P8CF0S5412533,68, ,S,65280
FA1299,2025,MAZDA,CX-30, ,U,Available,88,JET BLACK,3MVDMBCM4SM801089,2309, ,S,26599
RLB40318B,2021,KIA,TELLURIDE,S (A8) 4DR ALL-WHEEL DRIVE,U,Available,7,BLACK COPPER,5XYP6DHC2MG150159,94381, ,S,0
SRB75140,2025,FORD,MAVERICK,XLT ALL-WHEEL DRIVE SUPERCREW 4.5 FT. BOX 121.1 IN. WB,N,Available,26,CARBONIZED GRAY,3FTTW8JA5SRB75140,5, ,T,36920
17797,2025,FORD,BRONCO SPORT,BIG BEND 4DR 4X4,N,Available,,BLACK,,, ,,33210
SFB04451A,2023,FORD,F-150,RAPTOR 4X4 SUPERCREW CAB 5.5 FT. BOX 145 IN. WB,U,Available,31,BLACK METALLIC,1FTFW1RG4PFC87395,21750, ,S,71443
SKD31379A,2019,GMC,TERRAIN,SLT FRONT-WHEEL DRIVE,U,Available,14,EBONY TWILIGHT METALLIC,3GKALPEV7KL120008,60593, ,S,19688
SRF21646,2025,FORD,BRONCO SPORT,OUTER BANKS 4DR 4X4,N,Available,48,DESERT SAND,3FMCR9CN3SRF21646,28, ,S,39080
M811U9G,2026,FORD,ESCAPE,ACTIVE 4DR ALL-WHEEL DRIVE,N,Available,,OXFORD WHITE,1FMCU9GN7TUA14865,, ,O,34780
TUA20829,2026,FORD,ESCAPE,ST-LINE 4DR ALL-WHEEL DRIVE,N,Available,11,AGATE BLACK MET,1FMCU9MN5TUA20829,5, ,T,35130
SRF49879,2025,FORD,BRONCO SPORT,BIG BEND 4DR 4X4,N,Available,31,DESERT SAND,3FMCR9BNXSRF49879,5, ,T,36900
N005W8J,2026,FORD,MAVERI, ,N,Available,17,OXFORD WHITE,3FTTW8J31TRA05702,, ,O,38455
Q811U9J,2026,FORD,ESCAPE,PLATINUM 4DR ALL-WHEEL DRIVE,N,Available,,SPACE SILVER ME,1FMCU9JZ7TUA15705,, ,O,37410
SRF40974,2025,FORD,BRONCO SPORT,BIG BEND 4DR 4X4,N,Available,17,SHADOW BLACK,3FMCR9BN3SRF40974,5, ,T,32990
N014R9C,2025,FORD,BRONCO SPORT,OUTER BANKS 4DR 4X4,N,Available,,VELOCITY BLUE M,3FMCR9CN7SRF65634,, ,O,42120
SFB96934,2025,FORD,F-150, ,N,Available,1,ATLAS BLUE META,1FTFW5L80SFB96934,5, ,S,73585
811CU1P,2025,FORD,EXPEDITION,KING RANCH 4DR 4X4,N,Available,,STAR WHITE MET ,1FMJU1P80SEA69363,, ,O,87910
,2021,FORD,F-150, ,T,Appraised,,KODIAK BROWN,1FTFW1E87MFA26594,71894, ,,0
SRF49083,2025,FORD,BRONCO SPORT,BIG BEND 4DR 4X4,N,Available,7,CARBONIZED GRAY,3FMCR9BN2SRF49083,5, ,T,34685
SLE24351,2025,FORD,RANGER,LARIAT 4X4 SUPERCREW 5 FT. BOX 128.7 IN. WB,N,Available,93,VELOCITY BLUE METALLIC,1FTER4KH0SLE24351,58, ,S,51045
T811U9J,2026,FORD,ESCAPE,PLATINUM 4DR ALL-WHEEL DRIVE,N,Available,,AGATE BLACK MET,1FMCU9JA0TUA20593,, ,O,39975
R043W3L,2025,FORD,F-150,XLT 4X4 SUPERCREW CAB 5.5 FT. BOX 145 IN. WB,N,Available,17,OXFORD WHITE,1FTEW3LP9SFC62694,, ,O,62725
FA1305,2023,SUBARU,FORESTER,PREMIUM (CVT) 4DR ALL-WHEEL DRIVE,U,Available,82,CRYSTAL BLACK SILICA,JF2SKAEC4PH483310,93144, ,S,21439
N112W5L,2025,FORD,F-150,LARIAT 4X4 SUPERCREW CAB 5.5 FT. BOX 145 IN. WB,N,Available,3,RAPID RED MET T,1FTFW5LD6SFC70287,, ,O,73995
SFC12636,2025,FORD,F-150, ,N,Available,26,OXFORD WHITE,1FTFW3LD6SFC12636,5, ,T,63305
SRB22157,2025,FORD,MAVERICK,XLT FRONT-WHEEL DRIVE SUPERCREW 4.5 FT. BOX 121.1 IN. WB,N,Available,, ,3FTTW8H30SRB22157,, ,,33335
SKF10334,2025,FORD,F-150,STX 4X4 SUPERCREW CAB 5.5 FT. BOX 145 IN. WB,N,Available,36,ICONIC SILVER METALLIC,1FTEW2LP2SKF10334,7, ,S,50425
SRB75453,2025,FORD,MAVERICK,XLT FRONT-WHEEL DRIVE SUPERCREW 4.5 FT. BOX 121.1 IN. WB,N,Available,19,SPACE WHITE MET,3FTTW8H35SRB75453,5, ,T,34455
SKD03378,2025,FORD,F-150,STX 4X4 SUPERCREW CAB 5.5 FT. BOX 145 IN. WB,N,Available,277,WHITE METALLIC,1FTEW2LP6SKD03378,16, ,S,55450
SLE34797,2025,FORD,RANGER,XLT 4X4 SUPERCREW 5 FT. BOX 128.7 IN. WB,N,Available,105,OXFORD WHITE,1FTER4HP4SLE34797,92, ,S,45880
SFC01568,2025,FORD,F-150, ,N,Available,1,OXFORD WHITE,1FTFW5L86SFC01568,5, ,S,73000
TEC21169,2026,FORD,F-350, ,N,Available,50,ARGON BLUE METALLIC,1FT8W3BM0TEC21169,5, ,S,97450
,2020,GMC,TERRAIN,SLT FRONT-WHEEL DRIVE,T,Appraised,, ,3GKALPEV1LL291029,83227, ,,0
811DU1J,2025,FORD,EXPEDITION,ACTIVE 4DR 4X4,N,Available,,STAR WHITE MET ,1FMJU1J81SEA75780,, ,O,73965
SRF18801,2025,FORD,BRONCO SPORT,BIG BEND 4DR 4X4,N,Available,11,CARBONIZED GRAY METALLIC,3FMCR9BN5SRF18801,5, ,S,34685
U36RK8D,2026,FORD,EXPLORER,ACTIVE 4DR 4X4,N,Available,,SPACE SILVER,1FMUK8DHXTGA38420,, ,O,44680
SLB47971,2025,FORD,BRONCO,OUTER BANKS 4DR 4X4,N,Available,7,OXFORD WHITE,1FMEE8BP6SLB47971,5, ,T,63165
SUA67135,2025,FORD,ESCAPE,PHEV 4DR FRONT-WHEEL DRIVE,N,Available,92,VAPOR BLUE,1FMCU0E11SUA67135,5, ,S,40985
SLA97195,2025,FORD,BRONCO,BADLANDS 2DR 4X4,N,Available,85,MARSH GRAY,1FMDE9AH6SLA97195,5, ,S,61090
,2022,HONDA,CIVIC,SPORT (CVT) 4DR SEDAN,T,Appraised,, ,2HGFE2F5XNH569954,32676, ,,0
SUB04528,2025,FORD,ESCAPE,ACTIVE 4DR FRONT-WHEEL DRIVE,N,Available,153,GRAY METALLIC,1FMCU0GN9SUB04528,5, ,S,31985
SEA67166,2025,FORD,EXPEDITION MAX,ACTIVE 4DR 4X4,N,Available,28,AGATE BLACK MET,1FMJK1J81SEA67166,5, ,T,71260
TEC18290,2026,FORD,F-250, ,N,Available,57,OXFORD WHITE,1FT8W2BMXTEC18290,5, ,S,82690
TEC65961,2026,FORD,F-250, ,N,Available,15,BLACK METALLIC,1FT8W2BM2TEC65961,5, ,S,99640
SFC18897,2025,FORD,F-150,RAPTOR 4X4 SUPERCREW CAB 5.5 FT. BOX 145 IN. WB,N,Available,26,SPACE WHITE MET,1FTFW1RG1SFC18897,5, ,T,81595
N008W8S,2026,FORD,MAVE, ,N,Available,5,SPACE WHITE MET,3FTTW8SAXTRA03508,, ,O,39405
FA1300,2023,SUBARU,OUTBACK,PREMIUM (CVT) 4DR ALL-WHEEL DRIVE,U,Available,88,COSMIC BLUE,4S4BTADC4P3161935,70756, ,S,21997
SKE12985A,2025,FORD,F-150,STX 4X4 SUPERCREW CAB 5.5 FT. BOX 145 IN. WB,U,Available,110,WHITE METALLIC,1FTEW2LP0SKD42919,124, ,S,43982
SLB30123,2025,FORD,BRONCO,RAPTOR 4DR 4X4,N,Available,14,DESERT SAND,1FMEE0RR9SLB30123,5, ,S,87605
,2020,FORD,EDGE, ,T,Appraised,, ,2FMPK4K98LBA77256,114498, ,,0
TUA23556,2026,FORD,ESCAPE,ST-LINE 4DR ALL-WHEEL DRIVE,N,Available,11,VAPOR BLUE META,1FMCU9MN0TUA23556,5, ,T,35625
TEC07359,2026,FORD,F-250, ,N,Available,27,BLACK METALLIC,1FT8W2BM9TEC07359,3, ,S,96260
SLE22864,2025,FORD,RANGER,XLT 4X4 SUPERCREW 5 FT. BOX 128.7 IN. WB,N,Available,92,SHADOW BLACK,1FTER4HH9SLE22864,939, ,S,44085
SEC24283A,2021,FORD,F-250, ,U,Available,31,GRAY METALLIC,1FT8W2BT7MEC37520,95037, ,S,56660
,2014,FORD,MUSTANG, ,T,Appraised,,GOTTA HAVE IT GREEN METALLIC TRI-COAT [GREEN],1ZVBP8AM8E5249982,89000, ,,0
N006W8J,2026,FORD,MAVE, ,N,Available,5,SPACE WHITE MET,3FTTW8JA9TRA09642,, ,O,35205
FA1308B,2016,CHEVROLET,IMPALA,LTZ W/2LZ 4DR SEDAN,U,Available,39,SILVER ICE METALLIC,2G1145S33G9132174,104595, ,S,14667
SEC25108,2025,FORD,F-250, ,N,Available,264,GRAY METALLIC,1FT8W2BT0SEC25108,31, ,S,84390
SLB38985A,2018,MERCEDES-BENZ,C-CLASS,C 300 REAR-WHEEL DRIVE SEDAN,U,Available,21,BRILLIANT BLUE ,WDDWF4JB8JR421984,82000, ,S,0
SEC22603,2025,FORD,F-250, ,N,Available,260,RUBY RED METALLIC,1FT8W2BM5SEC22603,8, ,S,85300
RED02936,2024,FORD,F-250, ,T,Appraised,, ,1FT8W2BN1RED02936,, ,,0
FA1322B,2003,DODGE,GRAND CARAVAN,SE FRONT-WHEEL DRIVE PASSENGER VAN,U,Available,3,WHITE,1D4GP243X3B152924,142424, ,S,0
FA1315,2023,FORD,F-150, ,U,Available,61,BLACK METALLIC,1FTEW1EP0PFB57065,60355, ,S,41819
SFC01916,2025,FORD,F-150, ,N,Available,18,OXFORD WHITE,1FTFW5L56SFC01916,5, ,T,72600
15616513,2024,FORD,F-150,LARIAT 4X4 SUPERCREW CAB 5.5 FT. BOX 145 IN. WB,N,Available,, ,,, ,,44615
,2022,GMC,SIERRA 2500HD,SLE 4X4 REGULAR CAB 8 FT. BOX 141.6 IN. WB,T,Appraised,, ,1GT39ME72NF297857,56251, ,,0
,2012,CHEVROLET,CAPTIVA SPORT,2LS 4DR FRONT-WHEEL DRIVE,T,Appraised,,BLACK GRANITE METALLIC [BLACK],3GNAL2EK7CS562242,170686, ,,0
,2024,JEEP,WRANGLER,RUBICON 4DR 4X4,T,Appraised,,BLACK CLEARCOAT [BLACK],1C4PJXFG0RW300009,17672, ,,0
SMA17401,2025,FORD,MUSTANG MACH-E,PREMIUM 4DR ALL-WHEEL DRIVE,N,Available,151,WHITE METALLIC,3FMTK3SU7SMA17401,895, ,S,54075
SGC90121,2025,FORD,EXPLORER,PLATINUM 4DR 4X4,N,Available,25,RED METALLIC,1FMUK8HH9SGC90121,5, ,S,59610
715AP8C,2026,FORD,MUSTANG, ,N,Available,,SHADOW BLACK,1FA6P8CF7T5400493,, ,O,52325
N009W8N,2026,FORD,MAVE, ,N,Available,5,ORANGE FURY MET,3FTTW8NA4TRA04794,, ,O,43930
TUA21414,2026,FORD,ESCAPE,ST-LINE SELECT 4DR ALL-WHEEL DRIVE,N,Available,13,STAR WHITE META,1FMCU9NZ1TUA21414,5, ,T,36575
N012R4H,2025,FORD,RANGER,XLT 4X4 SUPERCREW 5 FT. BOX 128.7 IN. WB,N,Available,,MARSH GRAY,1FTER4HH8SLE71294,, ,O,44810
TUA04884,2026,FORD,ESCAPE,ST-LINE 4DR ALL-WHEEL DRIVE,N,Available,27,SPACE SILVER ME,1FMCU9MNXTUA04884,5, ,T,36125
FA1217,2024,INFINITI,QX80, ,U,Available,194,ANTHRACITE GRAY,JN8AZ2AE5R9327796,32206, ,S,44380
FA1252A,2018,FORD,MUSTANG,GT PREMIUM 2DR CONVERTIBLE,U,Available,48,OXFORD WHITE,1FATP8FF5J5143233,54023, ,S,29499
SMA45292,2025,FORD,MUSTANG MACH-E,SELECT 4DR ALL-WHEEL DRIVE,N,Available,59,MOLTEN MAGENTA METALLIC TINTED CLEARCOAT,3FMTK1S57SMA45292,5, ,S,45035
SFC15342,2025,FORD,F-150, ,N,Available,1,ICONIC SILVER M,1FTFW5L59SFC15342,2, ,S,73000
SMA14693A,2022,CHEVROLET,TRAVERSE,LT LEATHER FRONT-WHEEL DRIVE,U,Available,49,SUMMIT WHITE,1GNERHKWXNJ133823,101262, ,S,22839
SRB22660,2025,FORD,MAVERICK,LARIAT ALL-WHEEL DRIVE SUPERCREW 4.5 FT. BOX 121.1 IN. WB,N,Available,85,ERUPTION GREEN,3FTTW8SAXSRB22660,5, ,S,40875
FA1278A,2022,FORD,ESCAPE,SE 4DR ALL-WHEEL DRIVE,U,Available,32,BLACK METALLIC,1FMCU9G61NUA05154,47476, ,S,20339
SLA97579,2025,FORD,BRONCO,BIG BEND 4DR 4X4,N,Available,,DESERT SAND,1FMDE7BH9SLA97579,, ,,47200
SED18235A,2024,FORD,F-250, ,U,Available,57,BLACK METALLIC,1FT8W2BN7REC92204,63297, ,S,64723
SLA96678,2025,FORD,BRONCO,BIG BEND 4DR 4X4,N,Available,97,VELOCITY BLUE METALLIC,1FMDE7BH6SLA96678,5, ,S,48095
,2015,TOYOTA,RAV4,LE 4DR FRONT-WHEEL DRIVE,T,Appraised,, ,2T3ZFREV4FW133654,173000, ,,0
SLE62817,2025,FORD,RANGER,XLT 4X4 SUPERCREW 5 FT. BOX 128.7 IN. WB,N,Available,13,CARBONIZED GRAY METALLIC,1FTER4HH2SLE62817,5, ,S,42620
SED58816,2025,FORD,F-250,XL 4X4 SD REGULAR CAB 8 FT. BOX 142 IN. WB SRW,N,Available,147,OXFORD WHITE,1FTRF2BN4SED58816,5, ,S,55300
SEC55375,2025,FORD,F-250, ,N,Available,84,OXFORD WHITE,1FT7W2BT3SEC55375,49, ,S,68240
SUB52338,2025,FORD,ESCAPE,ST-LINE ELITE 4DR ALL-WHEEL DRIVE,N,Available,69,SPACE SILVER METALLIC,1FMCU9PA0SUB52338,2893, ,S,38430
SGC95762,2025,FORD,EXPLORER,ST 4DR 4X4,N,Available,67,RAPID RED MET T,1FMWK8GC8SGC95762,5, ,T,64805
RRF70422A,2020,FORD,EDGE,TITANIUM 4DR ALL-WHEEL DRIVE,U,Available,11,SILVER METALLIC,2FMPK4K98LBA77256,114498, ,S,17550
SEA66540,2025,FORD,EXPEDITION,TREMOR 4DR 4X4,N,Available,56,STAR WHITE MET ,1FMJU1RG8SEA66540,5, ,T,86375
SUB04052,2025,FORD,ESCAPE,ACTIVE 4DR FRONT-WHEEL DRIVE,N,Available,192,OXFORD WHITE,1FMCU0GN8SUB04052,2522, ,T,31985
FA1313,2024,FORD,ESCAPE,ACTIVE 4DR ALL-WHEEL DRIVE,U,Available,61,BLACK METALLIC,1FMCU9GN8RUA44188,42240, ,S,21898
R008F1K,2025,FORD,F-150,XL 4X2 REGULAR CAB 8 FT. BOX 141 IN. WB,S,Available,,OXFORD WHITE,1FTMF1KP0SKF66909,, ,O,40025
SFA62646A,2021,FORD,F-150, ,U,Available,11,BROWN,1FTFW1E87MFA26594,71971, ,S,42939
SRE47726A,2023,GMC,TERRAIN,DENALI ALL-WHEEL DRIVE,U,Available,76,STERLING METALLIC,3GKALXEG8PL266247,44173, ,S,28833
SEA61983,2025,FORD,EXPEDITION MAX,PLATINUM 4DR 4X4,N,Available,32,DARK MATTER GRE,1FMJK1MGXSEA61983,5, ,T,87730
TEC65538,2026,FORD,F-350, ,S,Available,39,OXFORD WHITE,1FT8W3BM5TEC65538,5, ,T,103500
,2017,FORD,EXPLORER,XLT 4DR 4X4,T,Appraised,, ,1FM5K8D82HGE37477,124746, ,,0
811BK1M,2025,FORD,EXPEDITION MAX,PLATINUM 4DR 4X4,N,Available,,STAR WHITE MET ,1FMJK1MG2SEA76655,, ,O,88725
FA1330,2025,FORD,EXPLORER,ACTIVE 4DR 4X4,U,Available,14,WHITE METALLIC,1FMUK8DH5SGB82679,19355, ,S,38629
SRF56598,2025,FORD,BRONCO SPORT,OUTER BANKS 4DR 4X4,N,Available,18,OXFORD WHITE,3FMCR9CN6SRF56598,5, ,T,38490
TEC99940,2026,FORD,F-350, ,N,Available,13,MARSH GRAY,1FT8W3BM2TEC99940,5, ,T,91420
512BE0R,2025,FORD,BRONCO,RAPTOR 4DR 4X4,N,Available,,DESERT SAND,1FMEE0RR5SLB44715,, ,O,87700
N015E0R,2025,FORD,BRONCO,RAPTOR 4DR 4X4,N,Available,,MARSH GRAY,1FMEE0RR7SLB62925,, ,O,89875
R040W5L,2025,FORD,F-150,LARIAT 4X4 SUPERCREW CAB 6.5 FT. BOX 157 IN. WB,N,Available,3,RAPID RED MET T,1FTFW5L57SFC68685,, ,O,74625
D94QK8D,2026,FORD,EXPLORER,ACTIVE 4DR 4X4,N,Available,,CARBONIZED GRAY,1FMUK8DH3TGA18705,, ,O,44280
RRE63375A,2020,LINCOLN,CORSAIR,RESERVE 4DR FRONT-WHEEL DRIVE,T,Appraised,,WHITE,5LMCJ2C96LUL25659,23727, ,,0
,2015,GMC,YUKON,SLE 4X4,T,Appraised,, ,1GKS2AKC2FR693078,, ,,0
SGC76103,2025,FORD,EXPLORER,ACTIVE 4DR 4X4,N,Available,32,SPACE WHITE METALLIC,1FMUK8DH6SGC76103,5, ,S,49115
SED95757A,2024,GMC,SIERRA 2500HD,PRO 4X4 CREW CAB 6.75 FT. BOX 159 IN. WB,U,Available,14,SUMMIT WHITE,1GT49LEY1RF374747,13373, ,S,60989
N031F6X,2026,FORD,TRANSIT-350 CARGO,"BASE W/9,950 LB. GVWR ALL-WHEEL DRIVE HIGH ROOF VAN 148 IN. WB",N,Available,,OXFORD WHITE,1FTBF6XG0TKA23459,, ,O,67215
SUB56883,2025,FORD,ESCAPE,ST-LINE 4DR ALL-WHEEL DRIVE,N,Available,59,CARBONIZED GRAY METALLIC,1FMCU9MN2SUB56883,5, ,S,34095
TEC65583,2026,FORD,F-250, ,N,Available,39,STAR WHITE,1FT8W2BM7TEC65583,5, ,T,98740
,2024,CHEVROLET,SILVERADO 2500HD,LT 4X4 CREW CAB 6.75 FT. BOX 159 IN. WB,T,Appraised,, ,2GC4YNEY1R1180645,67567, ,,0
SGA15443A,2023,KIA,SPORTAGE,SX (A8) 4DR FRONT-WHEEL DRIVE,U,Available,139,GRAVITY GRAY,5XYK43AF5PG048177,41785, ,S,25408
,2014,FORD,ESCAPE,SE 4DR 4X4,T,Appraised,, ,,134000, ,,0
SRE53881,2025,FORD,BRONCO SPORT,HERITAGE 4DR 4X4,N,Available,200,SHADOW BLACK,3FMCR9GN9SRE53881,4889, ,S,36580
SGD03002,2025,FORD,EXPLORER,PLATINUM 4DR 4X4,N,Available,21,GRAY METALLIC,1FMUK8HH2SGD03002,5, ,S,59315
SFB95331,2025,FORD,F-150, ,N,Available,1,MARSH GRAY,1FTFW5L89SFB95331,5, ,S,76645
RRF34307A,2017,KIA,FORTE,LX (A6) 4DR SEDAN,U,Available,12,SNOW WHITE PEARL,3KPFL4A73HE078456,142894, ,S,7534
N102W5L,2025,FORD,F-150,LARIAT 4X4 SUPERCREW CAB 6.5 FT. BOX 157 IN. WB,N,Available,3,RAPID RED MET T,1FTFW5L57SFC68931,, ,O,75340
SFB68927,2025,FORD,F-150,STX 4X4 SUPERCREW CAB 5.5 FT. BOX 145 IN. WB,N,Available,47,MARSH GRAY,1FTEW2LP4SFB68927,5, ,T,53940
SFA85761,2025,FORD,F-150,LARIAT 4X4 SUPERCREW CAB 5.5 FT. BOX 145 IN. WB,N,Available,158,WHITE METALLIC,1FTFW5L8XSFA85761,86, ,S,71295
F50EW3L,2025,FORD,F-150, ,N,Available,,CARBONIZED GRAY,1FTFW3LD1SFC50078,, ,O,62390
811TK3S,2025,FORD,MUSTANG MACH-E,PREMIUM 4DR ALL-WHEEL DRIVE,N,Available,,SHADOW BLACK,3FMTK3SU9SMA62873,, ,O,53415
,2022,GMC,SIERRA 1500,PRO 4X2 CREW CAB 5.75 FT. BOX 147.4 IN. WB,T,Appraised,, ,3GTPHAEK8NG603112,45475, ,,0
SED36293B,2018,CHEVROLET,SILVERADO 1500,LTZ W/1LZ 4X4 CREW CAB 5.75 FT. BOX 143.5 IN. WB,U,Available,38,RED HOT,3GCUKSEC1JG508081,102054, ,S,29587
SUB61866,2025,FORD,ESCAPE,ST-LINE ELITE 4DR ALL-WHEEL DRIVE,N,Available,,VAPOR BLUE,1FMCU9PZ7SUB61866,, ,,42510
RFA99730B,2025,CHEVROLET,SILVERADO 1500,LT W/2FL 4X4 CREW CAB 5.75 FT. BOX 147.4 IN. WB,U,Available,94,RIPTIDE BLUE METALLIC,1GCPKKEK2SZ198044,2772, ,S,42999
TEC56686,2026,FORD,F-350, ,S,Available,47,OXFORD WHITE,1FT8W3BM8TEC56686,5, ,T,105680
SLE43132,2025,FORD,RANGER,XLT 4X4 SUPERCREW 5 FT. BOX 128.7 IN. WB,N,Available,54,MARSH GRAY,1FTER4HH7SLE43132,5, ,T,42790
TEC24352,2026,FORD,F-250, ,N,Available,35,OXFORD WHITE,1FT8W2BM3TEC24352,5, ,S,76815
SMA39387,2025,FORD,MUSTANG MACH-E,SELECT 4DR ALL-WHEEL DRIVE,N,Available,7,VELOCITY BLUE M,3FMTK1S5XSMA39387,5, ,S,44535
FA1196A,2009,GMC,SIERRA 1500, ,U,Available,15, ,3GTEK33259G164125,153000, ,S,0
SEA46163,2025,FORD,EXPEDITION,PLATINUM 4DR 4X4,N,Available,8,GRAY METALLIC,1FMJU1MG4SEA46163,125, ,S,844.85
FA1301,2024,TOYOTA,RAV4 HYBRID,SE (CVT) 4DR ALL-WHEEL DRIVE,U,Available,88,MAGNETIC GRAY METALLIC,4T3T6RFV1RU163364,55038, ,S,32997
SKD67972,2025,FORD,F-150,XLT 4X4 SUPERCREW CAB 5.5 FT. BOX 145 IN. WB,N,Available,230,OXFORD WHITE,1FTFW3L84SKD67972,2922, ,S,58980
FA1311,2024,JEEP,WRANGLER,SAHARA 4DR 4X4,U,Working,68,SILVER ZYNITH CLEARCOAT,1C4PJXEN3RW129336,30590, ,S,36993
N107W5L,2025,FORD,F-150,LARIAT 4X4 SUPERCREW CAB 5.5 FT. BOX 145 IN. WB,N,Available,3,AGATE BLACK MET,1FTFW5LD3SFC67492,, ,O,73500
SLE51380,2025,FORD,RANGER,XLT 4X4 SUPERCREW 5 FT. BOX 128.7 IN. WB,N,Available,38,OXFORD WHITE,1FTER4HH0SLE51380,5, ,T,41105
SLA91321,2025,FORD,BRONCO,RAPTOR 4DR 4X4,N,Available,85,OXFORD WHITE,1FMEE0RR3SLA91321,5, ,S,87080
,2017,KIA,FORTE, ,T,Appraised,, ,3KPFL4A73HE078456,142891, ,,0
SGC60265A,2019,SUBARU,OUTBACK,3.6R LIMITED (CVT) 4DR ALL-WHEEL DRIVE,U,Available,39,TUNGSTEN METALLIC,4S4BSENC1K3395810,63357, ,S,23655
FA1307,2024,TOYOTA,RAV4 HYBRID,LE (CVT) 4DR ALL-WHEEL DRIVE,U,Working,78,ICE CAP,2T3MWRFV7RW232207,, ,S,29685
,2019,FORD,F-150,LARIAT 4X4 SUPERCREW CAB STYLESIDE 5.5 FT. BOX 145 IN. WB,T,Appraised,,BLACK,1FTEW1E50KFA20456,162488, ,,0
P,2022,CHEVROLET,SILVERADO 2500HD,LTZ 4X4 CREW CAB 6.75 FT. BOX 158.9 IN. WB,U,Available,17,SUMMIT WHITE,2GC4YPEY3N1229415,86685, ,G,52352
FA1304,2024,BMW,228 GRAN COUPE,I SDRIVE (A8) 4DR FRONT-WHEEL DRIVE,U,Available,84,ALPINE WHITE,WBA53AK03R7R50872,19432, ,S,29977
SKF07695,2025,FORD,F-150, ,N,Available,36,OXFORD WHITE,1FTFW3L57SKF07695,5, ,S,62710
,2021,GMC,SIERRA 2500HD,AT4 4X4 CREW CAB 6.75 FT. BOX 158.9 IN. WB,T,Appraised,, ,1GT49PEY9MF315591,65552, ,,0
FA1281,2023,NISSAN,ROGUE, ,U,Available,117,SUPER BLACK,5N1BT3BA0PC906712,56311, ,S,19703
SRF56650,2025,FORD,BRONCO SPORT,OUTER BANKS 4DR 4X4,N,Available,19,AZURE GRAY META,3FMCR9CN4SRF56650,5, ,T,39485
,2014,HONDA,ODYSSEY,TOURING ELITE (A6) PASSENGER VAN,T,Appraised,, ,5FNRL5H92EB075967,126000, ,,0
,2018,RAM,1500, ,T,Appraised,, ,3C6JR6EG8JG219456,37885, ,,0
2767U0G,2026,FORD,ESCAPE,ACTIVE 4DR FRONT-WHEEL DRIVE,N,Available,,CARBONIZED GRAY,1FMCU0GNXTUA33230,, ,O,33185
O811U9N,2026,FORD,ESCAPE,ST-LINE SELECT 4DR ALL-WHEEL DRIVE,N,Available,,AGATE BLACK MET,1FMCU9NA1TUA20015,, ,O,38245
FA1314,2024,BUICK,ENCORE GX,SPORT TOURING 4DR FRONT-WHEEL DRIVE,U,Available,61,SUMMIT WHITE,KL4AMDSL1RB085935,46931, ,T,21120
SRA80752,2025,FORD,MAVERICK,XLT FRONT-WHEEL DRIVE SUPERCREW 4.5 FT. BOX 121.1 IN. WB,N,Available,,CARBONIZED GRAY,,, ,,32980
R009F1K,2025,FORD,F-150,XL 4X2 REGULAR CAB 8 FT. BOX 141 IN. WB,S,Available,,OXFORD WHITE,1FTMF1KP4SKF67058,, ,O,40025
N020K8D,2026,FORD,EXPLORER,ACTIVE 4DR 4X4,N,Available,,VAPOR BLUE,1FMUK8DH4TGA48067,, ,O,51355
N113W5L,2025,FORD,F-150, ,N,Available,3,STAR WHITE META,1FTFW5LDXSFC69627,, ,O,74495
N027W5L,2025,FORD,F-150, ,N,Available,24,RAPID RED MET T,1FTFW5L58SFC56125,, ,O,76280
SFC01580,2025,FORD,F-150, ,N,Available,19,AGATE BLACK MET,1FTFW5L5XSFC01580,5, ,T,72600
SRE49964,2025,FORD,BRONCO SPORT,HERITAGE 4DR 4X4,N,Available,148,GRAY METALLIC,3FMCR9GN4SRE49964,5, ,S,36765
TEC06708,2026,FORD,F-250, ,N,Available,59,RUBY RED METALLIC TINTED CLEARCOAT,1FT8W2BM3TEC06708,5, ,S,81540
N811U9N,2026,FORD,ESCAPE,ST-LINE SELECT 4DR ALL-WHEEL DRIVE,N,Available,,CARBONIZED GRAY,1FMCU9NA9TUA15595,, ,O,36555